INSERT INTO `debatsido`.`theme` (`idtheme`, `tnom`) VALUES ('1', 'économique');
INSERT INTO `debatsido`.`theme` (`idtheme`, `tnom`) VALUES ('2', 'santé');
INSERT INTO `debatsido`.`theme` (`idtheme`, `tnom`) VALUES ('3', 'social');
INSERT INTO `debatsido`.`theme` (`idtheme`, `tnom`) VALUES ('4', 'sécurite');
INSERT INTO `debatsido`.`theme` (`tnom`) VALUES ('jeunesse');
INSERT INTO `debatsido`.`theme` (`tnom`) VALUES ('environnement');
INSERT INTO `debatsido`.`theme` (`tnom`) VALUES ('écologie');
INSERT INTO `debatsido`.`theme` (`tnom`) VALUES ('éducation');
INSERT INTO `debatsido`.`theme` (`tnom`) VALUES ('sport');
INSERT INTO `debatsido`.`theme` (`tnom`) VALUES ('justice');
INSERT INTO `debatsido`.`theme` (`tnom`) VALUES ('politique');
INSERT INTO `debatsido`.`theme` (`tnom`) VALUES ('légal');
INSERT INTO `debatsido`.`theme` (`tnom`) VALUES ('éthique');

-- Débat 1 : Faut-il instaurer un revenu de base ? --

INSERT INTO `debatsido`.`citation` (`cnom`, `cnature`, `completude`) VALUES ('Faut-il instaurer un revenu de base ?', 'proposition d action', '0');
INSERT INTO `debatsido`.`citation` (`cnom`, `cnature`, `completude`) VALUES ('De meilleures conditions de vie', 'Opinion', '0');
INSERT INTO `debatsido`.`citation` (`cnom`, `texte`, `cnature`, `completude`) VALUES ('Une réduction de la pauvreté', 'Permet de réduire drastiquement le nombre de personnes vivant sous le seuil de pauvreté', 'Opinion', '0');
INSERT INTO `debatsido`.`citation` (`cnom`, `texte`, `cnature`, `completude`) VALUES ('Une plus grande liberté', 'Permet aux individus de s\'adonner à des activités librement choisies', 'Fait', '0');
INSERT INTO `debatsido`.`citation` (`cnom`, `cnature`, `completude`) VALUES ('Plus de temps libre', 'Fait', '0');
INSERT INTO `debatsido`.`citation` (`cnom`, `cnature`, `completude`) VALUES ('Une réduction de la peur du chômage', 'Opinion', '0');
INSERT INTO `debatsido`.`citation` (`cnom`, `texte`, `cnature`, `completude`) VALUES ('Pas de stigmatisation', 'Des économies seraient réalisées en supprimant tout le travail administratif lié à la surveillance des bénéficiaires de l’aide sociale, discutable du fait de son caractère humiliant, intrusif et moralisateur', 'Opinion', '0');
INSERT INTO `debatsido`.`citation` (`cnom`, `texte`, `cnature`, `completude`) VALUES ('Une meilleure santé', 'Des entretiens menés au terme de la deuxième année suggèrent une amélioration significative de leur état de santé et un optimisme accru quant à leurs perspectives d’emploi', 'Opinion', '0');
INSERT INTO `debatsido`.`citation` (`cnom`, `texte`, `cnature`, `completude`) VALUES ('Tout dépend du montant', 'Le revenu de base n\'est garant de meilleures conditions de vie que s\'il est d\'un montant suffisant', 'Opinion', '0');
INSERT INTO `debatsido`.`citation` (`cnom`, `texte`, `cnature`, `completude`) VALUES ('Désocialisation, ennui et dépression', 'Le travail est un moteur important d\'inclusion sociale et de satisfaction personnelle', 'Opinion', '0');
INSERT INTO `debatsido`.`citation` (`cnom`, `cnature`, `completude`) VALUES ('Une harmonisation par le bas pour les chômeurs et les retraités', 'Opinion', '0');
INSERT INTO `debatsido`.`citation` (`cnom`, `texte`, `cnature`, `completude`) VALUES ('Une dégradation des conditions de travail', 'Ceux-ci seraient obligés d’accepter du travail à n’importe quel prix pour arrondir leur allocation. Il en résulterait une dégradation du marché du travail et la prolifération de « boulots » mal payés. ', 'Opinion', '0');
INSERT INTO `debatsido`.`citation` (`cnom`, `cnature`, `completude`) VALUES ('Plus de justice sociale', 'Opinion', '0');
INSERT INTO `debatsido`.`citation` (`cnom`, `texte`, `cnature`, `completude`) VALUES ('Une réduction des inégalités', 'En cela, il établit une égalité entre tous et diminue la distance sociale entre les citoyens. Il apporte ainsi à chacun le témoignage concret de son appartenance à la communauté ; l’égalité parfaite entre le droit des femmes et celui des hommes devient réalité.', 'Fait', '0');
INSERT INTO `debatsido`.`citation` (`cnom`, `texte`, `cnature`, `completude`) VALUES ('Injustice d\'un revenu de base identique pour riches et pauvres', 'Prendre aux pauvres pour redistribuer à tous – y compris aux riches –, de façon égalitaire, ce n’est pas vraiment ce que l’on peut qualifier de politique socialement progressiste.', 'Opinion', '0');
INSERT INTO `debatsido`.`citation` (`cnom`, `cnature`, `completude`) VALUES ('Injustice d\'un revenu de base qui ne tient pas compte du travail fourni', 'Opinion', '0');
INSERT INTO `debatsido`.`citation` (`cnom`, `cnature`, `completude`) VALUES ('Des modèles de financement éthiquement douteux', 'Fait', '0');
INSERT INTO `debatsido`.`citation` (`cnom`, `cnature`, `completude`) VALUES ('Un meilleur rapport au travail', 'Opinion', '0');
INSERT INTO `debatsido`.`citation` (`cnom`, `texte`, `cnature`, `completude`) VALUES ('La négociation de meilleures conditions de travail', 'Cette offre d’emplois supplémentaire renforcera le pouvoir compensatoire des salariés et leur permettra de négocier des meilleures conditions de travail et d’existence', 'Opinion', '0');
INSERT INTO `debatsido`.`citation` (`cnom`, `texte`, `cnature`, `completude`) VALUES ('Une sécurisation des parcours professionnels', 'un tel dispositif permettrait une forme de sécurisation des parcours professionnels sur le plan financier et inciterait ainsi à davantage de prise de risque dans les choix individuels', 'Opinion', '0');
INSERT INTO `debatsido`.`citation` (`cnom`, `texte`, `cnature`, `completude`) VALUES ('La valorisation des activités bénévoles', 'Ce travail invisible est considérable à l\'échelle nationale et pourtant il n\'est pas rémunéré. Le revenu de base offrirait alors une compensation monétaire à ce travail effectué sans salaire', 'Opinion', '0');
INSERT INTO `debatsido`.`citation` (`cnom`, `texte`, `cnature`, `completude`) VALUES ('La possibilité de se libérer du travail salarié', 'nous libérer de l\'aliénation au travail et à la consommation, à réduire la place du travail dans nos vies', 'Opinion', '0');
INSERT INTO `debatsido`.`citation` (`cnom`, `texte`, `cnature`, `completude`) VALUES ('La suppression des trappes à inactivité', ' le revenu de base ne crée pas de trappe à inactivité, c\'est-à-dire de situation dans laquelle il est plus intéressant économiquement d\'être au chômage que d\'avoir un emploi', 'Fait', '0');
INSERT INTO `debatsido`.`citation` (`cnom`, `texte`, `cnature`, `completude`) VALUES ('Une marginalisation des plus pauvres', '« Maintenant on vous a donné un peu d’argent, on ne veut plus vous entendre »', 'Opinion', '0');
INSERT INTO `debatsido`.`citation` (`cnom`, `cnature`, `completude`) VALUES ('Une bonne chose pour l\'économie du pays', 'Opinion', '0');
INSERT INTO `debatsido`.`citation` (`cnom`, `texte`, `cnature`, `completude`) VALUES ('Une incitation à la création d\'entreprises', 'Le revenu de base favorise ainsi le développement d\'activités risquées, ou qui ne sont pas forcément rentables à court terme', 'Opinion', '0');
INSERT INTO `debatsido`.`citation` (`cnom`, `cnature`, `completude`) VALUES ('Une relance de la consommation', 'Fait', '0');
INSERT INTO `debatsido`.`citation` (`cnom`, `cnature`, `completude`) VALUES ('Une réduction du chômage', 'Opinion', '0');
INSERT INTO `debatsido`.`citation` (`cnom`, `texte`, `cnature`, `completude`) VALUES ('Une simplification administrative et fiscale', 'moins de dépenses seront affectées à des fins de contrôle, mais davantage pour permettre d’accéder à l’activité (accompagnement des chercheurs d’emploi...)', 'Fait', '0');
INSERT INTO `debatsido`.`citation` (`cnom`, `cnature`, `completude`) VALUES ('Plus personne n\'ira travailler', 'Opinion', '0');
INSERT INTO `debatsido`.`citation` (`cnom`, `cnature`, `completude`) VALUES ('Une baisse de compétitivité', 'Opinion', '0');
INSERT INTO `debatsido`.`citation` (`cnom`, `texte`, `cnature`, `completude`) VALUES ('Un risque d\'inflation', 'De façon générale, le revenu de base peut à la fois entraîner une baisse de la production et une hausse de la demande', 'Fait', '0');
INSERT INTO `debatsido`.`citation` (`cnom`, `cnature`, `completude`) VALUES ('Un risque de fraude pour les expatriés', 'Fait', '0');
INSERT INTO `debatsido`.`citation` (`cnom`, `texte`, `cnature`, `completude`) VALUES ('Une mesure adaptée à l\'économie du 21e siècle', '', 'Opinion', '0');
INSERT INTO `debatsido`.`citation` (`cnom`, `texte`, `cnature`, `completude`) VALUES ('Adaptée à la situation de chômage de masse', 'Il est temps de remettre en question le modèle économique basé sur le plein emploi et que l\'homme se réaccapare sa vie en développant des activités non marchandes', 'Opinion', '0');
INSERT INTO `debatsido`.`citation` (`cnom`, `cnature`, `completude`) VALUES ('Adaptée à la situation de fin du travail', 'Opinion', '0');
INSERT INTO `debatsido`.`citation` (`cnom`, `cnature`, `completude`) VALUES ('Adaptée à la robotisation du travail', 'Opinion', '0');
INSERT INTO `debatsido`.`citation` (`cnom`, `cnature`, `completude`) VALUES ('Adaptée à l\'exigence de flexibilité de la main-d\'œuvre', 'Opinion', '0');
INSERT INTO `debatsido`.`citation` (`cnom`, `cnature`, `completude`) VALUES ('Adaptée à la situation de « travail invisible »', 'Opinion', '0');
INSERT INTO `debatsido`.`citation` (`cnom`, `cnature`, `completude`) VALUES ('Adaptée au capitalisme cognitif', 'Opinion', '0');
INSERT INTO `debatsido`.`citation` (`cnom`, `cnature`, `completude`) VALUES ('Un financement irréaliste', 'Opinion', '0');
INSERT INTO `debatsido`.`citation` (`cnom`, `texte`, `cnature`, `completude`) VALUES ('On a dit de même pour les systèmes des retraites et d\'assurance maladie', 'Il y a quelques siècles, presque personne n\'aurait cru que le suffrage universel ou les systèmes de sécurité sociale comme ceux que nous avons aujourd\'hui seraient possibles. Pourtant, nous y sommes. Il n\'y a aucun obstacle insurmontable à l\'introduction d\'un revenu de base global.', 'Fait', '0');
INSERT INTO `debatsido`.`citation` (`cnom`, `cnature`, `completude`) VALUES ('Des modèles réalistes de financement', 'Fait', '0');
INSERT INTO `debatsido`.`citation` (`cnom`, `texte`, `cnature`, `completude`) VALUES ('Financement mensuel et non annuel couplé avec la taxe de financement', 'D\'après une association américaine, un prélèvement de 40 % couplé avec un revenu universel de 1000 $ sera financé (30 % pour 750€). Le fait de coupler le prélèvement avec le RU lui-même permet de limiter l\'échange d\'argent et de le bloquer dans le système.', 'Opinion', '0');
INSERT INTO `debatsido`.`citation` (`cnom`, `cnature`, `completude`) VALUES ('Un désastre économique', 'Opinion', '0');
INSERT INTO `debatsido`.`citation` (`cnom`, `cnature`, `completude`) VALUES ('Une déconnexion entre revenu et travail', 'Opinion', '0');
INSERT INTO `debatsido`.`citation` (`cnom`, `texte`, `cnature`, `completude`) VALUES ('Un non-sens économique', 'Détacher le revenu du travail n\'a pas de sens car le travail est le seul producteur de richesse, le seul producteur de valeur économique ; donc il y a forcément un lien entre le travail et le salaire', 'Opinion', '0');
INSERT INTO `debatsido`.`citation` (`cnom`, `cnature`, `completude`) VALUES ('Un principe immoral', 'Opinion', '0');
INSERT INTO `debatsido`.`citation` (`cnom`, `cnature`, `completude`) VALUES ('Un risque d\'immigration massive', 'Opinion', '0');
INSERT INTO `debatsido`.`citation` (`cnom`, `texte`, `cnature`, `completude`) VALUES ('L\'immigration est source de richesse', 'Elle participe au développement économique du pays d\'accueil comme des pays d\'origine. Sans immigration, le développement des sciences et des arts n\'aurait pas non plus été ce qu\'il est aujourd\'hui', 'Fait', '0');
INSERT INTO `debatsido`.`citation` (`cnom`, `texte`, `cnature`, `completude`) VALUES ('Tout dépend des conditions d\'accès au revenu de base', 'être citoyen de la communauté politique, nationale ou supranationale, où se trouverait ouvert un tel droit au revenu. Les résidents permanents étrangers ne bénéficieraient pas de l’Allocation universelle', 'Fait', '0');
INSERT INTO `debatsido`.`citation` (`cnom`, `cnature`, `completude`) VALUES ('Une accentuation de la marchandisation', 'Opinion', '0');
INSERT INTO `debatsido`.`citation` (`cnom`, `cnature`, `completude`) VALUES ('Un mauvais combat politique', 'Opinion', '0');
INSERT INTO `debatsido`.`citation` (`cnom`, `texte`, `cnature`, `completude`) VALUES ('Une mesure à l\'encontre de diverses revendications collectives', 'la proposition du revenu de base va à l\'encontre des revendications exprimées par les collectifs de chômeurs et de femmes, qui aspirent non pas à une allocation plus importante qui leur permettrait de rester chez eux, mais à obtenir un emploi digne.', 'Opinion', '0');
INSERT INTO `debatsido`.`citation` (`cnom`, `texte`, `cnature`, `completude`) VALUES ('Une revendication trop imprécise', 'Selon si son montant est faible ou élevé, le revenu de base peut être un progrès ou bien une régression sociale (en particulier pour les versions libérales du revenu de base)', 'Opinion', '0');
INSERT INTO `debatsido`.`citation` (`cnom`, `cnature`, `completude`) VALUES ('L\'abandon de la lutte pour le plein-emploi', 'Opinion', '0');
INSERT INTO `debatsido`.`citation` (`cnom`, `texte`, `cnature`, `completude`) VALUES ('L\'abandon de la lutte pour une meilleure protection sociale', 'Un grand nombre de défenseurs du revenu de base s\'appuient sur les lacunes du système de protection sociale actuel (assurance chômage, pension de retraite et sécurité sociale) pour lui opposer le dispositif du revenu universel.', 'Opinion', '0');
INSERT INTO `debatsido`.`citation` (`cnom`, `texte`, `cnature`, `completude`) VALUES ('Une roue de secours du capitalisme', 'Un revenu de base d\'un montant suffisant pour vivre pleinement amène à faire disparaître le marché du travail, qui est essentiel au bon fonctionnement de l\'économie capitaliste. Au sein de cette économie, seul un revenu de base d\'un montant relativement faible, légitimant la précarité maximale du travail, apparaît donc possible', 'Opinion', '0');
INSERT INTO `debatsido`.`citation` (`cnom`, `texte`, `cnature`, `completude`) VALUES ('Plutôt qu\'un revenu de base, d\'autres revendications', 'L’axe principal devrait donc être la réduction du temps de travail pour toutes et tous, assortie d’une extension du champ de la gratuité pour la satisfaction des besoins sociaux. De ce point de vue, la RTT et l’interdiction des licenciements posent concrètement la question d’une « démarchandisation » de la force de travail', 'Opinion', '0');
INSERT INTO `debatsido`.`citation` (`cnom`, `cnature`, `completude`) VALUES ('Un dispositif appliquable dès maintenant', 'Opinion', '0');

INSERT INTO `debatsido`.`personne` (`pnom`, `statut`) VALUES ('Baptiste Mylondo', 'Enseignant économie philosophie');
INSERT INTO `debatsido`.`personne` (`pnom`, `statut`) VALUES ('Marc de Basquiat', 'Président de l\'association AIRE');
INSERT INTO `debatsido`.`personne` (`pnom`, `statut`) VALUES ('Gaspard Koenig', 'Essayiste');
INSERT INTO `debatsido`.`personne` (`pnom`, `statut`) VALUES ('Mona Chollet', 'Journaliste et essayiste');
INSERT INTO `debatsido`.`personne` (`pnom`, `statut`) VALUES ('Philippe Van Parijs', 'Philosophe et économiste');
INSERT INTO `debatsido`.`personne` (`pnom`, `statut`) VALUES ('Yannick Vanderborght', 'Philosophe');
INSERT INTO `debatsido`.`personne` (`pnom`, `statut`) VALUES ('Mateo Alaluf', 'Sociologue et professeur');
INSERT INTO `debatsido`.`personne` (`pnom`, `statut`) VALUES ('Denis Clerc', 'Economiste');
INSERT INTO `debatsido`.`personne` (`pnom`, `statut`) VALUES ('Pascal Salin', 'Economiste');
INSERT INTO `debatsido`.`personne` (`pnom`, `statut`) VALUES ('Fondation du revenu de base global', 'Association');
INSERT INTO `debatsido`.`personne` (`pnom`, `statut`) VALUES ('Claire Hédon', 'Journaliste');
INSERT INTO `debatsido`.`personne` (`pnom`, `statut`) VALUES ('Nicolas Debock', 'Directeur chez Capital Innovation');
INSERT INTO `debatsido`.`personne` (`pnom`, `statut`) VALUES ('Jean-Éric Hyafil', 'Docteur en économie');
INSERT INTO `debatsido`.`personne` (`pnom`, `statut`) VALUES ('Stanislas Jourdan', 'Directeur de Positive Money europe');
INSERT INTO `debatsido`.`personne` (`pnom`, `statut`) VALUES ('Hugo Stéphan', 'Directeur d\'intérêt général de EIGforever');
INSERT INTO `debatsido`.`personne` (`pnom`, `statut`) VALUES ('Emmanuel Coux', 'Directeur chez Grenoble-Alpes Métropole');
INSERT INTO `debatsido`.`personne` (`pnom`, `statut`) VALUES ('Mouvement français pour un revenu de base', 'Association');
INSERT INTO `debatsido`.`personne` (`pnom`, `statut`) VALUES ('Bernard Friot', 'Socioloque et économiste');
INSERT INTO `debatsido`.`personne` (`pnom`, `statut`) VALUES ('Jean-Marc Ferry', 'Philosophe');
INSERT INTO `debatsido`.`personne` (`pnom`, `statut`) VALUES ('Michel Husson', 'Statisticien et économiste');
INSERT INTO `debatsido`.`personne` (`pnom`, `statut`) VALUES ('Robert Castel', 'Socioloque');

INSERT INTO `debatsido`.`medium` (`idmedium`, `date`, `mnature`, `mnom`, `fiabilite`, `mtitre`) VALUES ('1', '2010-01-01', 'Précis', 'Baptiste Mylondo', '50', ' Un revenu pour tous ! Précis d\'utopie réaliste');
INSERT INTO `debatsido`.`medium` (`idmedium`, `date`, `mnature`, `mnom`, `mtitre`) VALUES ('2', '2015-03-01', 'Livre', 'Marc de Basquiat, Gaspard Koenig', 'LIBER, un revenu de liberté pour tous');
INSERT INTO `debatsido`.`medium` (`idmedium`, `mnature`, `mnom`, `mtitre`) VALUES ('3', 'Article internet', 'Mouvement français pour un revenu de base', ' Quelles sont les critiques ?');
INSERT INTO `debatsido`.`medium` (`idmedium`, `date`, `mnature`, `mnom`, `mtitre`) VALUES ('4', '2013-05-01', 'Article internet', 'Mona Chollet, Le Monde diplomatique', ' Imaginer un revenu garanti pour tous');
INSERT INTO `debatsido`.`medium` (`idmedium`, `date`, `mnature`, `mnom`, `mtitre`) VALUES ('5', '2019-09-04', 'Article', 'Philippe Van Parijs, Yannick Vanderborght, Le Monde', ' Pour un revenu de base individuel, universel et libre d’obligation');
INSERT INTO `debatsido`.`medium` (`idmedium`, `date`, `mnature`, `mnom`, `mtitre`) VALUES ('6', '2013-04-06', 'Article', 'Mateo Alaluf', ' L\'allocation universelle contre la protection sociale');
INSERT INTO `debatsido`.`medium` (`idmedium`, `mnature`, `mnom`, `mtitre`) VALUES ('7', 'Essai', 'Denis Clerc', 'L’idée d’un revenu d’existence : une idée séduisante et... dangereuse');
INSERT INTO `debatsido`.`medium` (`idmedium`, `date`, `mnature`, `mnom`, `mtitre`) VALUES ('8', '2015-01-01', 'Article', 'Pascal Salin, Le Monde', 'Le revenu universel est le contraire « d’une proposition libérale »');
INSERT INTO `debatsido`.`medium` (`idmedium`, `mnature`, `mnom`, `mtitre`) VALUES ('9', 'Initiative Citoyenne Européenne', 'Collectif de l\'initiative citoyenne européenne', 'Initiative citoyenne européenne pour un revenu de base inconditionnel');
INSERT INTO `debatsido`.`medium` (`idmedium`, `date`, `mnature`, `mnom`, `mtitre`) VALUES ('10', '2019-05-22', 'Etude', 'Groupe de travail Revenu universel de la Fondation Jean-Jaurès', 'Le revenu de base, de l’utopie à la réalité ?');
INSERT INTO `debatsido`.`medium` (`idmedium`, `date`, `mnature`, `mnom`, `mtitre`) VALUES ('11', '2013-12-31', 'Article', 'Marc de Basquiat, Tribunes', 'Comment peut-on défendre un revenu de base ? Réponse à l’OFCE');
INSERT INTO `debatsido`.`medium` (`idmedium`, `mnature`, `mnom`, `mtitre`) VALUES ('12', 'Article internet', 'Fondation du revenu de base global', ' Un revenu de base global');
INSERT INTO `debatsido`.`medium` (`idmedium`, `date`, `mnature`, `mnom`, `mtitre`) VALUES ('13', '2017-02-22', 'Article', 'Claire Hédon, Le Monde', 'Revenu universel : « Garantir à chacun un minimum de sécurité financière ne suffit pas');
INSERT INTO `debatsido`.`medium` (`idmedium`, `date`, `mnature`, `mnom`, `mtitre`) VALUES ('14', '2014-12-01', 'Article', 'Nicolas Debock, L\'inconditionnel, n°1 ', ' Pôle emploi subventionne déjà la créativité des entrepreneurs');
INSERT INTO `debatsido`.`medium` (`idmedium`, `date`, `mnature`, `mnom`, `mtitre`) VALUES ('15', '2013-09-20', 'Article', 'Jean-Éric Hyafil, Tribunes', ' Quel montant pour le revenu de base ? Éléments pour un débat');
INSERT INTO `debatsido`.`medium` (`idmedium`, `date`, `mnature`, `mnom`, `mtitre`) VALUES ('16', '2014-12-01', 'Article', 'Jean-Éric Hyafil, Stanislas Jourdan, Hugo Stéphan, L\'inconditionnel, n°1', ' Comment financer un revenu de base ?');
INSERT INTO `debatsido`.`medium` (`idmedium`, `mnature`, `mnom`, `mtitre`) VALUES ('17', 'Interview', 'Emmanuel Coux', ' Le revenu de base pallie la fin du plein emploi');
INSERT INTO `debatsido`.`medium` (`idmedium`, `date`, `mnature`, `mnom`, `mtitre`) VALUES ('18', '2017-01-24', 'Article', 'Philippe Van Parijs, Le Monde', ' Vive l’utopie socialiste du revenu universel !');
INSERT INTO `debatsido`.`medium` (`idmedium`, `date`, `mnature`, `mnom`, `mtitre`) VALUES ('19', '2013-06-07', 'Interview', 'Bernard Friot', 'Ce soir ou jamais');
INSERT INTO `debatsido`.`medium` (`idmedium`, `date`, `mnature`, `mnom`, `mtitre`) VALUES ('20', '1996-01-01', 'Article', 'Jean-Marc Ferry, Revue du Mauss, n°7', 'Revenu de citoyenneté, droit au travail, intégration sociale');
INSERT INTO `debatsido`.`medium` (`idmedium`, `mnature`, `mnom`, `mtitre`) VALUES ('21', 'Etude', 'Michel Husson', ' Droit à l’emploi et RTT ou fin du travail et revenu universel ?');
INSERT INTO `debatsido`.`medium` (`idmedium`, `mnature`, `mnom`, `mtitre`) VALUES ('22', 'Revue', 'Robert Castel', ' Salariat ou revenu d’existence ? Lecture critique d’André Gorz');
INSERT INTO `debatsido`.`medium` (`idmedium`, `date`, `mnature`, `mnom`, `mtitre`) VALUES ('23', '2005-07-01', 'Article', 'Michel Husson, Critique communiste n°176', ' Fin du travail et revenu universel');

UPDATE `debatsido`.`medium` SET `mnom` = '' WHERE (`idmedium` = '1');
UPDATE `debatsido`.`medium` SET `mnom` = '' WHERE (`idmedium` = '2');
UPDATE `debatsido`.`medium` SET `mnom` = 'Le Monde diplomatique' WHERE (`idmedium` = '4');
UPDATE `debatsido`.`medium` SET `mnom` = '' WHERE (`idmedium` = '3');
UPDATE `debatsido`.`medium` SET `mnom` = 'Le Monde' WHERE (`idmedium` = '5');
UPDATE `debatsido`.`medium` SET `mnom` = '' WHERE (`idmedium` = '6');
UPDATE `debatsido`.`medium` SET `mnom` = '' WHERE (`idmedium` = '7');
UPDATE `debatsido`.`medium` SET `mnom` = 'Le Monde' WHERE (`idmedium` = '8');
UPDATE `debatsido`.`medium` SET `mnom` = 'Tribunes' WHERE (`idmedium` = '11');
UPDATE `debatsido`.`medium` SET `mnom` = 'Le Monde' WHERE (`idmedium` = '13');
UPDATE `debatsido`.`medium` SET `mnom` = 'L\'inconditionnel, n°1 ' WHERE (`idmedium` = '14');
UPDATE `debatsido`.`medium` SET `mnom` = 'Tribunes' WHERE (`idmedium` = '15');
UPDATE `debatsido`.`medium` SET `mnom` = 'L\'inconditionnel, n°1' WHERE (`idmedium` = '16');
UPDATE `debatsido`.`medium` SET `mnom` = '' WHERE (`idmedium` = '17');
UPDATE `debatsido`.`medium` SET `mnom` = 'Le Monde' WHERE (`idmedium` = '18');
UPDATE `debatsido`.`medium` SET `mnom` = '' WHERE (`idmedium` = '19');
UPDATE `debatsido`.`medium` SET `mnom` = 'Revue du Mauss, n°7' WHERE (`idmedium` = '20');
UPDATE `debatsido`.`medium` SET `mnom` = '' WHERE (`idmedium` = '21');
UPDATE `debatsido`.`medium` SET `mnom` = '' WHERE (`idmedium` = '22');
UPDATE `debatsido`.`medium` SET `mnom` = 'Critique communiste n°176' WHERE (`idmedium` = '23');

INSERT INTO `debatsido`.`auteur` (`idmedium_fk`, `idpersonne_fk`) VALUES ('1', '1');
INSERT INTO `debatsido`.`auteur` (`idmedium_fk`, `idpersonne_fk`) VALUES ('2', '2');
INSERT INTO `debatsido`.`auteur` (`idmedium_fk`, `idpersonne_fk`) VALUES ('2', '3');
INSERT INTO `debatsido`.`auteur` (`idmedium_fk`, `idpersonne_fk`) VALUES ('3', '17');
INSERT INTO `debatsido`.`auteur` (`idmedium_fk`, `idpersonne_fk`) VALUES ('4', '4');
INSERT INTO `debatsido`.`auteur` (`idmedium_fk`, `idpersonne_fk`) VALUES ('5', '5');
INSERT INTO `debatsido`.`auteur` (`idmedium_fk`, `idpersonne_fk`) VALUES ('5', '6');
INSERT INTO `debatsido`.`auteur` (`idmedium_fk`, `idpersonne_fk`) VALUES ('6', '7');
INSERT INTO `debatsido`.`auteur` (`idmedium_fk`, `idpersonne_fk`) VALUES ('7', '8');
INSERT INTO `debatsido`.`auteur` (`idmedium_fk`, `idpersonne_fk`) VALUES ('8', '9');
INSERT INTO `debatsido`.`auteur` (`idmedium_fk`, `idpersonne_fk`) VALUES ('11', '2');
INSERT INTO `debatsido`.`auteur` (`idmedium_fk`, `idpersonne_fk`) VALUES ('13', '11');
INSERT INTO `debatsido`.`auteur` (`idmedium_fk`, `idpersonne_fk`) VALUES ('14', '12');
INSERT INTO `debatsido`.`auteur` (`idmedium_fk`, `idpersonne_fk`) VALUES ('15', '13');
INSERT INTO `debatsido`.`auteur` (`idmedium_fk`, `idpersonne_fk`) VALUES ('16', '13');
INSERT INTO `debatsido`.`auteur` (`idmedium_fk`, `idpersonne_fk`) VALUES ('16', '14');
INSERT INTO `debatsido`.`auteur` (`idmedium_fk`, `idpersonne_fk`) VALUES ('16', '15');
INSERT INTO `debatsido`.`auteur` (`idmedium_fk`, `idpersonne_fk`) VALUES ('17', '16');
INSERT INTO `debatsido`.`auteur` (`idmedium_fk`, `idpersonne_fk`) VALUES ('18', '5');
INSERT INTO `debatsido`.`auteur` (`idmedium_fk`, `idpersonne_fk`) VALUES ('19', '18');
INSERT INTO `debatsido`.`auteur` (`idmedium_fk`, `idpersonne_fk`) VALUES ('20', '19');
INSERT INTO `debatsido`.`auteur` (`idmedium_fk`, `idpersonne_fk`) VALUES ('21', '20');
INSERT INTO `debatsido`.`auteur` (`idmedium_fk`, `idpersonne_fk`) VALUES ('22', '21');
INSERT INTO `debatsido`.`auteur` (`idmedium_fk`, `idpersonne_fk`) VALUES ('23', '20');

INSERT INTO `debatsido`.`lien_citation` (`positionnement`, `id_cit1`, `id_cit2`) VALUES ('Pour', '1', '2');
INSERT INTO `debatsido`.`lien_citation` (`positionnement`, `id_cit1`, `id_cit2`) VALUES ('Pour', '1', '13');
INSERT INTO `debatsido`.`lien_citation` (`positionnement`, `id_cit1`, `id_cit2`) VALUES ('Pour', '1', '18');
INSERT INTO `debatsido`.`lien_citation` (`positionnement`, `id_cit1`, `id_cit2`) VALUES ('Pour', '1', '25');
INSERT INTO `debatsido`.`lien_citation` (`positionnement`, `id_cit1`, `id_cit2`) VALUES ('Pour', '1', '34');
INSERT INTO `debatsido`.`lien_citation` (`positionnement`, `id_cit1`, `id_cit2`) VALUES ('Contre', '1', '41');
INSERT INTO `debatsido`.`lien_citation` (`positionnement`, `id_cit1`, `id_cit2`) VALUES ('Contre', '1', '45');
INSERT INTO `debatsido`.`lien_citation` (`positionnement`, `id_cit1`, `id_cit2`) VALUES ('Contre', '1', '46');
INSERT INTO `debatsido`.`lien_citation` (`positionnement`, `id_cit1`, `id_cit2`) VALUES ('Contre', '1', '49');
INSERT INTO `debatsido`.`lien_citation` (`positionnement`, `id_cit1`, `id_cit2`) VALUES ('Contre', '1', '52');
INSERT INTO `debatsido`.`lien_citation` (`positionnement`, `id_cit1`, `id_cit2`) VALUES ('Contre', '1', '53');
INSERT INTO `debatsido`.`lien_citation` (`positionnement`, `id_cit1`, `id_cit2`) VALUES ('Pour', '2', '3');
INSERT INTO `debatsido`.`lien_citation` (`positionnement`, `id_cit1`, `id_cit2`) VALUES ('Pour', '2', '4');
INSERT INTO `debatsido`.`lien_citation` (`positionnement`, `id_cit1`, `id_cit2`) VALUES ('Pour', '2', '5');
INSERT INTO `debatsido`.`lien_citation` (`positionnement`, `id_cit1`, `id_cit2`) VALUES ('Pour', '2', '6');
INSERT INTO `debatsido`.`lien_citation` (`positionnement`, `id_cit1`, `id_cit2`) VALUES ('Pour', '2', '7');
INSERT INTO `debatsido`.`lien_citation` (`positionnement`, `id_cit1`, `id_cit2`) VALUES ('Pour', '2', '8');
INSERT INTO `debatsido`.`lien_citation` (`positionnement`, `id_cit1`, `id_cit2`) VALUES ('Contre', '2', '9');
INSERT INTO `debatsido`.`lien_citation` (`positionnement`, `id_cit1`, `id_cit2`) VALUES ('Contre', '2', '10');
INSERT INTO `debatsido`.`lien_citation` (`positionnement`, `id_cit1`, `id_cit2`) VALUES ('Contre', '2', '11');
INSERT INTO `debatsido`.`lien_citation` (`positionnement`, `id_cit1`, `id_cit2`) VALUES ('Contre', '2', '12');
INSERT INTO `debatsido`.`lien_citation` (`positionnement`, `id_cit1`, `id_cit2`) VALUES ('Pour', '13', '14');
INSERT INTO `debatsido`.`lien_citation` (`positionnement`, `id_cit1`, `id_cit2`) VALUES ('Contre', '13', '15');
INSERT INTO `debatsido`.`lien_citation` (`positionnement`, `id_cit1`, `id_cit2`) VALUES ('Contre', '13', '16');
INSERT INTO `debatsido`.`lien_citation` (`positionnement`, `id_cit1`, `id_cit2`) VALUES ('Contre', '13', '17');
INSERT INTO `debatsido`.`lien_citation` (`positionnement`, `id_cit1`, `id_cit2`) VALUES ('Pour', '18', '19');
INSERT INTO `debatsido`.`lien_citation` (`positionnement`, `id_cit1`, `id_cit2`) VALUES ('Pour', '18', '20');
INSERT INTO `debatsido`.`lien_citation` (`positionnement`, `id_cit1`, `id_cit2`) VALUES ('Pour', '18', '21');
INSERT INTO `debatsido`.`lien_citation` (`positionnement`, `id_cit1`, `id_cit2`) VALUES ('Pour', '18', '22');
INSERT INTO `debatsido`.`lien_citation` (`positionnement`, `id_cit1`, `id_cit2`) VALUES ('Pour', '18', '23');
INSERT INTO `debatsido`.`lien_citation` (`positionnement`, `id_cit1`, `id_cit2`) VALUES ('Contre', '18', '24');
INSERT INTO `debatsido`.`lien_citation` (`positionnement`, `id_cit1`, `id_cit2`) VALUES ('Pour', '25', '26');
INSERT INTO `debatsido`.`lien_citation` (`positionnement`, `id_cit1`, `id_cit2`) VALUES ('Pour', '25', '27');
INSERT INTO `debatsido`.`lien_citation` (`positionnement`, `id_cit1`, `id_cit2`) VALUES ('Pour', '25', '28');
INSERT INTO `debatsido`.`lien_citation` (`positionnement`, `id_cit1`, `id_cit2`) VALUES ('Pour', '25', '29');
INSERT INTO `debatsido`.`lien_citation` (`positionnement`, `id_cit1`, `id_cit2`) VALUES ('Contre', '25', '30');
INSERT INTO `debatsido`.`lien_citation` (`positionnement`, `id_cit1`, `id_cit2`) VALUES ('Contre', '25', '31');
INSERT INTO `debatsido`.`lien_citation` (`positionnement`, `id_cit1`, `id_cit2`) VALUES ('Contre', '25', '32');
INSERT INTO `debatsido`.`lien_citation` (`positionnement`, `id_cit1`, `id_cit2`) VALUES ('Contre', '25', '33');
INSERT INTO `debatsido`.`lien_citation` (`positionnement`, `id_cit1`, `id_cit2`) VALUES ('Pour', '34', '35');
INSERT INTO `debatsido`.`lien_citation` (`positionnement`, `id_cit1`, `id_cit2`) VALUES ('Pour', '34', '36');
INSERT INTO `debatsido`.`lien_citation` (`positionnement`, `id_cit1`, `id_cit2`) VALUES ('Pour', '34', '37');
INSERT INTO `debatsido`.`lien_citation` (`positionnement`, `id_cit1`, `id_cit2`) VALUES ('Pour', '34', '38');
INSERT INTO `debatsido`.`lien_citation` (`positionnement`, `id_cit1`, `id_cit2`) VALUES ('Pour', '34', '39');
INSERT INTO `debatsido`.`lien_citation` (`positionnement`, `id_cit1`, `id_cit2`) VALUES ('Pour', '34', '40');
INSERT INTO `debatsido`.`lien_citation` (`positionnement`, `id_cit1`, `id_cit2`) VALUES ('Pour', '41', '42');
INSERT INTO `debatsido`.`lien_citation` (`positionnement`, `id_cit1`, `id_cit2`) VALUES ('Pour', '41', '9');
INSERT INTO `debatsido`.`lien_citation` (`positionnement`, `id_cit1`, `id_cit2`) VALUES ('Pour', '41', '43');
INSERT INTO `debatsido`.`lien_citation` (`positionnement`, `id_cit1`, `id_cit2`) VALUES ('Pour', '41', '44');
INSERT INTO `debatsido`.`lien_citation` (`positionnement`, `id_cit1`, `id_cit2`) VALUES ('Pour', '45', '30');
INSERT INTO `debatsido`.`lien_citation` (`positionnement`, `id_cit1`, `id_cit2`) VALUES ('Pour', '45', '31');
INSERT INTO `debatsido`.`lien_citation` (`positionnement`, `id_cit1`, `id_cit2`) VALUES ('Pour', '45', '32');
INSERT INTO `debatsido`.`lien_citation` (`positionnement`, `id_cit1`, `id_cit2`) VALUES ('Pour', '45', '33');
INSERT INTO `debatsido`.`lien_citation` (`positionnement`, `id_cit1`, `id_cit2`) VALUES ('Contre', '45', '26');
INSERT INTO `debatsido`.`lien_citation` (`positionnement`, `id_cit1`, `id_cit2`) VALUES ('Contre', '45', '27');
INSERT INTO `debatsido`.`lien_citation` (`positionnement`, `id_cit1`, `id_cit2`) VALUES ('Contre', '45', '28');
INSERT INTO `debatsido`.`lien_citation` (`positionnement`, `id_cit1`, `id_cit2`) VALUES ('Contre', '45', '29');
INSERT INTO `debatsido`.`lien_citation` (`positionnement`, `id_cit1`, `id_cit2`) VALUES ('Pour', '46', '47');
INSERT INTO `debatsido`.`lien_citation` (`positionnement`, `id_cit1`, `id_cit2`) VALUES ('Pour', '46', '48');
INSERT INTO `debatsido`.`lien_citation` (`positionnement`, `id_cit1`, `id_cit2`) VALUES ('Contre', '49', '51');
INSERT INTO `debatsido`.`lien_citation` (`positionnement`, `id_cit1`, `id_cit2`) VALUES ('Contre', '49', '50');
INSERT INTO `debatsido`.`lien_citation` (`positionnement`, `id_cit1`, `id_cit2`) VALUES ('Pour', '53', '54');
INSERT INTO `debatsido`.`lien_citation` (`positionnement`, `id_cit1`, `id_cit2`) VALUES ('Pour', '53', '55');
INSERT INTO `debatsido`.`lien_citation` (`positionnement`, `id_cit1`, `id_cit2`) VALUES ('Pour', '53', '56');
INSERT INTO `debatsido`.`lien_citation` (`positionnement`, `id_cit1`, `id_cit2`) VALUES ('Pour', '53', '57');
INSERT INTO `debatsido`.`lien_citation` (`positionnement`, `id_cit1`, `id_cit2`) VALUES ('Pour', '53', '58');
INSERT INTO `debatsido`.`lien_citation` (`positionnement`, `id_cit1`, `id_cit2`) VALUES ('Pour', '53', '59');
INSERT INTO `debatsido`.`lien_citation` (`positionnement`, `id_cit1`, `id_cit2`) VALUES ('Contre', '53', '60');

INSERT INTO `debatsido`.`lien_citation_medium` (`idcitation_fk`, `idmedium_fk`, `primaire`) VALUES ('3', '1', '1');
INSERT INTO `debatsido`.`lien_citation_medium` (`idcitation_fk`, `idmedium_fk`, `primaire`) VALUES ('4', '2', '1');
INSERT INTO `debatsido`.`lien_citation_medium` (`idcitation_fk`, `idmedium_fk`, `primaire`) VALUES ('5', '3', '1');
INSERT INTO `debatsido`.`lien_citation_medium` (`idcitation_fk`, `idmedium_fk`, `primaire`) VALUES ('6', '1', '1');
INSERT INTO `debatsido`.`lien_citation_medium` (`idcitation_fk`, `idmedium_fk`, `primaire`) VALUES ('7', '4', '1');
INSERT INTO `debatsido`.`lien_citation_medium` (`idcitation_fk`, `idmedium_fk`, `primaire`) VALUES ('8', '5', '1');
INSERT INTO `debatsido`.`lien_citation_medium` (`idcitation_fk`, `idmedium_fk`, `primaire`) VALUES ('9', '1', '1');
INSERT INTO `debatsido`.`lien_citation_medium` (`idcitation_fk`, `idmedium_fk`, `primaire`) VALUES ('12', '6', '1');
INSERT INTO `debatsido`.`lien_citation_medium` (`idcitation_fk`, `idmedium_fk`, `primaire`) VALUES ('14', '3', '1');
INSERT INTO `debatsido`.`lien_citation_medium` (`idcitation_fk`, `idmedium_fk`, `primaire`) VALUES ('15', '7', '1');
INSERT INTO `debatsido`.`lien_citation_medium` (`idcitation_fk`, `idmedium_fk`, `primaire`) VALUES ('16', '8', '1');
INSERT INTO `debatsido`.`lien_citation_medium` (`idcitation_fk`, `idmedium_fk`, `primaire`) VALUES ('19', '9', '1');
INSERT INTO `debatsido`.`lien_citation_medium` (`idcitation_fk`, `idmedium_fk`, `primaire`) VALUES ('20', '10', '1');
INSERT INTO `debatsido`.`lien_citation_medium` (`idcitation_fk`, `idmedium_fk`, `primaire`) VALUES ('21', '11', '1');
INSERT INTO `debatsido`.`lien_citation_medium` (`idcitation_fk`, `idmedium_fk`, `primaire`) VALUES ('22', '1', '1');
INSERT INTO `debatsido`.`lien_citation_medium` (`idcitation_fk`, `idmedium_fk`, `primaire`) VALUES ('23', '12', '1');
INSERT INTO `debatsido`.`lien_citation_medium` (`idcitation_fk`, `idmedium_fk`, `primaire`) VALUES ('24', '13', '1');
INSERT INTO `debatsido`.`lien_citation_medium` (`idcitation_fk`, `idmedium_fk`, `primaire`) VALUES ('26', '14', '1');
INSERT INTO `debatsido`.`lien_citation_medium` (`idcitation_fk`, `idmedium_fk`, `primaire`) VALUES ('27', '15', '1');
INSERT INTO `debatsido`.`lien_citation_medium` (`idcitation_fk`, `idmedium_fk`, `primaire`) VALUES ('28', '12', '1');
INSERT INTO `debatsido`.`lien_citation_medium` (`idcitation_fk`, `idmedium_fk`, `primaire`) VALUES ('29', '16', '1');
INSERT INTO `debatsido`.`lien_citation_medium` (`idcitation_fk`, `idmedium_fk`, `primaire`) VALUES ('32', '10', '1');
INSERT INTO `debatsido`.`lien_citation_medium` (`idcitation_fk`, `idmedium_fk`, `primaire`) VALUES ('35', '17', '1');
INSERT INTO `debatsido`.`lien_citation_medium` (`idcitation_fk`, `idmedium_fk`, `primaire`) VALUES ('38', '3', '1');
INSERT INTO `debatsido`.`lien_citation_medium` (`idcitation_fk`, `idmedium_fk`, `primaire`) VALUES ('42', '12', '1');
INSERT INTO `debatsido`.`lien_citation_medium` (`idcitation_fk`, `idmedium_fk`, `primaire`) VALUES ('47', '19', '1');
INSERT INTO `debatsido`.`lien_citation_medium` (`idcitation_fk`, `idmedium_fk`, `primaire`) VALUES ('49', '20', '1');
INSERT INTO `debatsido`.`lien_citation_medium` (`idcitation_fk`, `idmedium_fk`, `primaire`) VALUES ('52', '21', '1');
INSERT INTO `debatsido`.`lien_citation_medium` (`idcitation_fk`, `idmedium_fk`, `primaire`) VALUES ('54', '21', '1');
INSERT INTO `debatsido`.`lien_citation_medium` (`idcitation_fk`, `idmedium_fk`, `primaire`) VALUES ('55', '21', '1');
INSERT INTO `debatsido`.`lien_citation_medium` (`idcitation_fk`, `idmedium_fk`, `primaire`) VALUES ('57', '22', '1');
INSERT INTO `debatsido`.`lien_citation_medium` (`idcitation_fk`, `idmedium_fk`, `primaire`) VALUES ('59', '23', '1');

INSERT INTO `debatsido`.`lien_citation_theme` (`idcit_fk`, `idtheme_fk`) VALUES ('1', '1');
INSERT INTO `debatsido`.`lien_citation_theme` (`idcit_fk`, `idtheme_fk`) VALUES ('1', '3');
INSERT INTO `debatsido`.`lien_citation_theme` (`idcit_fk`, `idtheme_fk`) VALUES ('2', '3');
INSERT INTO `debatsido`.`lien_citation_theme` (`idcit_fk`, `idtheme_fk`) VALUES ('3', '3');
INSERT INTO `debatsido`.`lien_citation_theme` (`idcit_fk`, `idtheme_fk`) VALUES ('4', '3');
INSERT INTO `debatsido`.`lien_citation_theme` (`idcit_fk`, `idtheme_fk`) VALUES ('5', '3');
INSERT INTO `debatsido`.`lien_citation_theme` (`idcit_fk`, `idtheme_fk`) VALUES ('5', '8');
INSERT INTO `debatsido`.`lien_citation_theme` (`idcit_fk`, `idtheme_fk`) VALUES ('6', '3');
INSERT INTO `debatsido`.`lien_citation_theme` (`idcit_fk`, `idtheme_fk`) VALUES ('7', '3');
INSERT INTO `debatsido`.`lien_citation_theme` (`idcit_fk`, `idtheme_fk`) VALUES ('8', '2');
INSERT INTO `debatsido`.`lien_citation_theme` (`idcit_fk`, `idtheme_fk`) VALUES ('9', '1');
INSERT INTO `debatsido`.`lien_citation_theme` (`idcit_fk`, `idtheme_fk`) VALUES ('10', '2');
INSERT INTO `debatsido`.`lien_citation_theme` (`idcit_fk`, `idtheme_fk`) VALUES ('10', '3');
INSERT INTO `debatsido`.`lien_citation_theme` (`idcit_fk`, `idtheme_fk`) VALUES ('11', '3');
INSERT INTO `debatsido`.`lien_citation_theme` (`idcit_fk`, `idtheme_fk`) VALUES ('12', '3');
INSERT INTO `debatsido`.`lien_citation_theme` (`idcit_fk`, `idtheme_fk`) VALUES ('13', '3');
INSERT INTO `debatsido`.`lien_citation_theme` (`idcit_fk`, `idtheme_fk`) VALUES ('13', '10');
INSERT INTO `debatsido`.`lien_citation_theme` (`idcit_fk`, `idtheme_fk`) VALUES ('14', '3');
INSERT INTO `debatsido`.`lien_citation_theme` (`idcit_fk`, `idtheme_fk`) VALUES ('15', '3');
INSERT INTO `debatsido`.`lien_citation_theme` (`idcit_fk`, `idtheme_fk`) VALUES ('16', '3');
INSERT INTO `debatsido`.`lien_citation_theme` (`idcit_fk`, `idtheme_fk`) VALUES ('17', '3');
INSERT INTO `debatsido`.`lien_citation_theme` (`idcit_fk`, `idtheme_fk`) VALUES ('17', '1');
INSERT INTO `debatsido`.`lien_citation_theme` (`idcit_fk`, `idtheme_fk`) VALUES ('18', '3');
INSERT INTO `debatsido`.`lien_citation_theme` (`idcit_fk`, `idtheme_fk`) VALUES ('19', '1');
INSERT INTO `debatsido`.`lien_citation_theme` (`idcit_fk`, `idtheme_fk`) VALUES ('19', '3');
INSERT INTO `debatsido`.`lien_citation_theme` (`idcit_fk`, `idtheme_fk`) VALUES ('20', '3');
INSERT INTO `debatsido`.`lien_citation_theme` (`idcit_fk`, `idtheme_fk`) VALUES ('20', '8');
INSERT INTO `debatsido`.`lien_citation_theme` (`idcit_fk`, `idtheme_fk`) VALUES ('21', '3');
INSERT INTO `debatsido`.`lien_citation_theme` (`idcit_fk`, `idtheme_fk`) VALUES ('22', '3');
INSERT INTO `debatsido`.`lien_citation_theme` (`idcit_fk`, `idtheme_fk`) VALUES ('23', '1');
INSERT INTO `debatsido`.`lien_citation_theme` (`idcit_fk`, `idtheme_fk`) VALUES ('24', '3');
INSERT INTO `debatsido`.`lien_citation_theme` (`idcit_fk`, `idtheme_fk`) VALUES ('25', '1');
INSERT INTO `debatsido`.`lien_citation_theme` (`idcit_fk`, `idtheme_fk`) VALUES ('26', '1');
INSERT INTO `debatsido`.`lien_citation_theme` (`idcit_fk`, `idtheme_fk`) VALUES ('27', '1');
INSERT INTO `debatsido`.`lien_citation_theme` (`idcit_fk`, `idtheme_fk`) VALUES ('28', '3');
INSERT INTO `debatsido`.`lien_citation_theme` (`idcit_fk`, `idtheme_fk`) VALUES ('29', '1');
INSERT INTO `debatsido`.`lien_citation_theme` (`idcit_fk`, `idtheme_fk`) VALUES ('30', '3');
INSERT INTO `debatsido`.`lien_citation_theme` (`idcit_fk`, `idtheme_fk`) VALUES ('30', '1');
INSERT INTO `debatsido`.`lien_citation_theme` (`idcit_fk`, `idtheme_fk`) VALUES ('31', '1');
INSERT INTO `debatsido`.`lien_citation_theme` (`idcit_fk`, `idtheme_fk`) VALUES ('32', '1');
INSERT INTO `debatsido`.`lien_citation_theme` (`idcit_fk`, `idtheme_fk`) VALUES ('33', '1');
INSERT INTO `debatsido`.`lien_citation_theme` (`idcit_fk`, `idtheme_fk`) VALUES ('34', '1');
INSERT INTO `debatsido`.`lien_citation_theme` (`idcit_fk`, `idtheme_fk`) VALUES ('35', '3');
INSERT INTO `debatsido`.`lien_citation_theme` (`idcit_fk`, `idtheme_fk`) VALUES ('36', '3');
INSERT INTO `debatsido`.`lien_citation_theme` (`idcit_fk`, `idtheme_fk`) VALUES ('37', '3');
INSERT INTO `debatsido`.`lien_citation_theme` (`idcit_fk`, `idtheme_fk`) VALUES ('38', '3');
INSERT INTO `debatsido`.`lien_citation_theme` (`idcit_fk`, `idtheme_fk`) VALUES ('39', '3');
INSERT INTO `debatsido`.`lien_citation_theme` (`idcit_fk`, `idtheme_fk`) VALUES ('40', '1');
INSERT INTO `debatsido`.`lien_citation_theme` (`idcit_fk`, `idtheme_fk`) VALUES ('41', '1');
INSERT INTO `debatsido`.`lien_citation_theme` (`idcit_fk`, `idtheme_fk`) VALUES ('42', '1');
INSERT INTO `debatsido`.`lien_citation_theme` (`idcit_fk`, `idtheme_fk`) VALUES ('43', '1');
INSERT INTO `debatsido`.`lien_citation_theme` (`idcit_fk`, `idtheme_fk`) VALUES ('44', '1');
INSERT INTO `debatsido`.`lien_citation_theme` (`idcit_fk`, `idtheme_fk`) VALUES ('45', '1');
INSERT INTO `debatsido`.`lien_citation_theme` (`idcit_fk`, `idtheme_fk`) VALUES ('46', '3');
INSERT INTO `debatsido`.`lien_citation_theme` (`idcit_fk`, `idtheme_fk`) VALUES ('47', '1');
INSERT INTO `debatsido`.`lien_citation_theme` (`idcit_fk`, `idtheme_fk`) VALUES ('48', '3');
INSERT INTO `debatsido`.`lien_citation_theme` (`idcit_fk`, `idtheme_fk`) VALUES ('49', '3');
INSERT INTO `debatsido`.`lien_citation_theme` (`idcit_fk`, `idtheme_fk`) VALUES ('50', '3');
INSERT INTO `debatsido`.`lien_citation_theme` (`idcit_fk`, `idtheme_fk`) VALUES ('50', '1');
INSERT INTO `debatsido`.`lien_citation_theme` (`idcit_fk`, `idtheme_fk`) VALUES ('51', '3');
INSERT INTO `debatsido`.`lien_citation_theme` (`idcit_fk`, `idtheme_fk`) VALUES ('52', '1');
INSERT INTO `debatsido`.`lien_citation_theme` (`idcit_fk`, `idtheme_fk`) VALUES ('53', '11');
INSERT INTO `debatsido`.`lien_citation_theme` (`idcit_fk`, `idtheme_fk`) VALUES ('53', '12');
INSERT INTO `debatsido`.`lien_citation_theme` (`idcit_fk`, `idtheme_fk`) VALUES ('54', '3');
INSERT INTO `debatsido`.`lien_citation_theme` (`idcit_fk`, `idtheme_fk`) VALUES ('55', '1');
INSERT INTO `debatsido`.`lien_citation_theme` (`idcit_fk`, `idtheme_fk`) VALUES ('56', '3');
INSERT INTO `debatsido`.`lien_citation_theme` (`idcit_fk`, `idtheme_fk`) VALUES ('56', '1');
INSERT INTO `debatsido`.`lien_citation_theme` (`idcit_fk`, `idtheme_fk`) VALUES ('57', '3');
INSERT INTO `debatsido`.`lien_citation_theme` (`idcit_fk`, `idtheme_fk`) VALUES ('58', '1');
INSERT INTO `debatsido`.`lien_citation_theme` (`idcit_fk`, `idtheme_fk`) VALUES ('59', '1');
INSERT INTO `debatsido`.`lien_citation_theme` (`idcit_fk`, `idtheme_fk`) VALUES ('60', '11');
INSERT INTO `debatsido`.`lien_citation_theme` (`idcit_fk`, `idtheme_fk`) VALUES ('17', '13');

-- Débat 2 : Faut-il privatiser ADP? --

INSERT INTO `debatsido`.`citation` (`cnom`, `cnature`, `completude`) VALUES ('Faut-il privatiser ADP ?', 'Proposition d\'action', '0');
INSERT INTO `debatsido`.`citation` (`cnom`, `texte`, `cnature`, `completude`) VALUES ('L’Etat n’est pas le plus qualifié pour gérer des aéroports', '', 'Opinion', '0');
INSERT INTO `debatsido`.`citation` (`cnom`, `texte`, `cnature`, `completude`) VALUES ('Une entreprise privée spécialisée serait plus compétente', 'Aujourd’hui, un aéroport comme Roissy, qui compte parmi les premiers au monde en termes de trafic, est largement distancé en termes de qualité de service : 37e selon Skytrax, 128e selon AirHelp ! Face à la concurrence internationale, il est nécessaire d’investir massivement', 'Opinion', '0');
INSERT INTO `debatsido`.`citation` (`cnom`, `cnature`, `completude`) VALUES ('Les performances actuelles d\'ADP ne sont pas bonnes et pas près de s’améliorer', 'Opinion', '0');
INSERT INTO `debatsido`.`citation` (`cnom`, `cnature`, `completude`) VALUES ('La gestion des infrastructures aéroportuaires parisiennes n’est qu’une petite part des activités du groupe ADP', 'Fait', '0');
INSERT INTO `debatsido`.`citation` (`cnom`, `texte`, `cnature`, `completude`) VALUES ('L’Etat n’a plus les moyens d’investir pour développer le groupe', 'L’Etat n’a plus les moyens d’accompagner cette ambition, de construire par exemple un nouveau terminal à 9 millions d\'euros.', 'Fait', '0');
INSERT INTO `debatsido`.`citation` (`cnom`, `cnature`, `completude`) VALUES ('L\'État a besoin d’argent', 'Opinion', '0');
INSERT INTO `debatsido`.`citation` (`cnom`, `cnature`, `completude`) VALUES ('Privatiser ADP devrait faire rentrer 8 à 10 millions d\'euros les caisses de l\'État', 'Fait', '0');
INSERT INTO `debatsido`.`citation` (`cnom`, `cnature`, `completude`) VALUES ('C’est un bon moment pour vendre', 'Opinion', '0');
INSERT INTO `debatsido`.`citation` (`cnom`, `cnature`, `completude`) VALUES ('Il n\'est pas prévu que le produit de la vente entre dans le budget de l\'Etat', 'Fait', '0');
INSERT INTO `debatsido`.`citation` (`cnom`, `cnature`, `completude`) VALUES ('L’Etat pourrait céder des participations moins sensibles', 'Opinion', '0');
INSERT INTO `debatsido`.`citation` (`cnom`, `texte`, `cnature`, `completude`) VALUES ('La privatisation d\'ADP va créer de l\'emploi', 'Ouvrir le capital d’ADP permettra un développement profitable à l’emploi (non-délocalisable), aux usagers et aux salariés', 'Opinion', '0');
INSERT INTO `debatsido`.`citation` (`cnom`, `cnature`, `completude`) VALUES ('C\'est à l\'Etat de gérer les aéroports', 'Opinion', '0');
INSERT INTO `debatsido`.`citation` (`cnom`, `cnature`, `completude`) VALUES ('Parce que ce sont des infrastructures stratégiques', 'Opinion', '0');
INSERT INTO `debatsido`.`citation` (`cnom`, `cnature`, `completude`) VALUES ('Parce que les orientations stratégiques doivent être contrôlées démocratiquement', 'Opinion', '0');
INSERT INTO `debatsido`.`citation` (`cnom`, `texte`, `cnature`, `completude`) VALUES ('Parce que la crise écologique oblige à sortir d’une logique concurrentielle', 'Dire non à la privatisation, c’est aussi dire que nous ne voulons plus du monde qu’ils incarnent, qu’ils promeuvent. « Concurrence », « croissance », « compétition », « déficit », « mondialisation » … Ces mots nous sont répétés comme des mantras, pour guider la société et nos existences, et pour vendre à la découpe nos biens nationaux.', 'Opinion', '0');
INSERT INTO `debatsido`.`citation` (`cnom`, `cnature`, `completude`) VALUES ('Parce qu’ADP est en situation de monopole sur la région parisienne', 'Opinion', '0');
INSERT INTO `debatsido`.`citation` (`cnom`, `texte`, `cnature`, `completude`) VALUES ('L\'Etat n\'a pas besoin d\'être propriétaire pour assurer un contrôle', 'Privatiser ADP, cela ne veut pas dire privatiser les frontières ni même l’infrastructure. Les fonctions de souveraineté seront intégralement préservées (contrôle des personnes, frontières, douanes ou trafic aérien).', 'Opinion', '0');
INSERT INTO `debatsido`.`citation` (`cnom`, `texte`, `cnature`, `completude`) VALUES ('Un État stratège est préférable à un État rentier', 'En se dégageant de la gestion d’une entreprise commerciale, pour laquelle il n’est pas nécessairement le meilleur, l’Etat pourra se concentrer sur ses missions régaliennes de sécurité et de régulation', 'Opinion', '0');
INSERT INTO `debatsido`.`citation` (`cnom`, `cnature`, `completude`) VALUES ('La privatisation d\'ADP serait une mauvaise affaire pour l\'Etat', 'Opinion', '0');
INSERT INTO `debatsido`.`citation` (`cnom`, `texte`, `cnature`, `completude`) VALUES ('Parce qu\'ADP est rentable et rapporte des dividendes à l\'Etat', 'Quel est le sens de vendre un bijou de famille pour rembourser moins de 0,2 % de la dette française et financer des start-ups, alors qu’entre 2006 et 2018, l’Etat actionnaire a engrangé 1,32 milliards d’euros de dividendes, 173 millions d’euros rien qu’en 2018 ', 'Opinion', '0');
INSERT INTO `debatsido`.`citation` (`cnom`, `texte`, `cnature`, `completude`) VALUES ('Parce que la privatisation des autoroutes n\'a pas été une bonne affaire pour l\'Etat', 'Le précédent de la vente autoroutes à Vinci et consorts parle de lui-même. Les autoroutes ont été vendues environ 10 milliards d’euros en dessous de leur prix de marché, et rapportent chaque année 4 à 5 milliards d’euros de dividendes aux actionnaires !', 'Fait', '0');
INSERT INTO `debatsido`.`citation` (`cnom`, `cnature`, `completude`) VALUES ('Parce que la concession risque de se prolonger à perpétuité', 'Opinion', '0');
INSERT INTO `debatsido`.`citation` (`cnom`, `cnature`, `completude`) VALUES ('La privatisation d\'ADP serait une mauvaise affaire pour les compagnies aériennes et les voyageurs', 'Opinion', '0');
INSERT INTO `debatsido`.`citation` (`cnom`, `cnature`, `completude`) VALUES ('Parce qu\'il y a un risque de dérapage des tarifs', 'Opinion', '0');
INSERT INTO `debatsido`.`citation` (`cnom`, `cnature`, `completude`) VALUES ('Parce que cela pourrait pénaliser Air France par rapport à ses concurrents si les tarifs augmentaient suite à la privatisation', 'Opinion', '0');
INSERT INTO `debatsido`.`citation` (`cnom`, `texte`, `cnature`, `completude`) VALUES ('Il faut rejeter les valeurs et le monde incarnés par la privatisation d\'ADP', 'Nous aspirons, au contraire, à la coopération, à l’entraide, à placer les humains et la planète avant les chiffres, il en va de notre survie commune. ', 'Opinion', '0');

INSERT INTO `debatsido`.`personne` (`idpersonne`, `pnom`, `statut`) VALUES ('22', 'Olivia Grégoire', 'Politicienne de LREM');
INSERT INTO `debatsido`.`personne` (`idpersonne`, `pnom`, `statut`) VALUES ('23', 'François Ruffin', 'Député La France Insoumise');

INSERT INTO `debatsido`.`medium` (`idmedium`, `date`, `mnature`, `mnom`, `mtitre`) VALUES ('24', '2019-06-13', 'Article', 'Le Drenche', ' Faut-il privatiser les aéroports de Paris (ADP) ?');
INSERT INTO `debatsido`.`medium` (`idmedium`, `date`, `mnature`, `mnom`, `mtitre`) VALUES ('25', '2019-06-13', 'Article', 'Le Drenche', 'Non, il ne faut pas privatiser ADP');

INSERT INTO `debatsido`.`auteur` (`idmedium_fk`, `idpersonne_fk`) VALUES ('24', '22');
INSERT INTO `debatsido`.`auteur` (`idmedium_fk`, `idpersonne_fk`) VALUES ('25', '23');

INSERT INTO `debatsido`.`lien_citation_medium` (`idcitation_fk`, `idmedium_fk`, `primaire`) VALUES ('63', '24', '1');
INSERT INTO `debatsido`.`lien_citation_medium` (`idcitation_fk`, `idmedium_fk`, `primaire`) VALUES ('66', '24', '1');
INSERT INTO `debatsido`.`lien_citation_medium` (`idcitation_fk`, `idmedium_fk`, `primaire`) VALUES ('72', '24', '1');
INSERT INTO `debatsido`.`lien_citation_medium` (`idcitation_fk`, `idmedium_fk`, `primaire`) VALUES ('76', '25', '1');
INSERT INTO `debatsido`.`lien_citation_medium` (`idcitation_fk`, `idmedium_fk`, `primaire`) VALUES ('78', '24', '1');
INSERT INTO `debatsido`.`lien_citation_medium` (`idcitation_fk`, `idmedium_fk`, `primaire`) VALUES ('79', '24', '1');
INSERT INTO `debatsido`.`lien_citation_medium` (`idcitation_fk`, `idmedium_fk`, `primaire`) VALUES ('81', '25', '1');
INSERT INTO `debatsido`.`lien_citation_medium` (`idcitation_fk`, `idmedium_fk`, `primaire`) VALUES ('82', '25', '1');
INSERT INTO `debatsido`.`lien_citation_medium` (`idcitation_fk`, `idmedium_fk`, `primaire`) VALUES ('87', '25', '1');

INSERT INTO `debatsido`.`lien_citation` (`positionnement`, `id_cit1`, `id_cit2`) VALUES ('Pour', '61', '62');
INSERT INTO `debatsido`.`lien_citation` (`positionnement`, `id_cit1`, `id_cit2`) VALUES ('Pour', '61', '67');
INSERT INTO `debatsido`.`lien_citation` (`positionnement`, `id_cit1`, `id_cit2`) VALUES ('Pour', '61', '72');
INSERT INTO `debatsido`.`lien_citation` (`positionnement`, `id_cit1`, `id_cit2`) VALUES ('Contre', '61', '73');
INSERT INTO `debatsido`.`lien_citation` (`positionnement`, `id_cit1`, `id_cit2`) VALUES ('Contre', '61', '80');
INSERT INTO `debatsido`.`lien_citation` (`positionnement`, `id_cit1`, `id_cit2`) VALUES ('Contre', '61', '84');
INSERT INTO `debatsido`.`lien_citation` (`positionnement`, `id_cit1`, `id_cit2`) VALUES ('Contre', '61', '87');
INSERT INTO `debatsido`.`lien_citation` (`positionnement`, `id_cit1`, `id_cit2`) VALUES ('Pour', '62', '63');
INSERT INTO `debatsido`.`lien_citation` (`positionnement`, `id_cit1`, `id_cit2`) VALUES ('Pour', '62', '64');
INSERT INTO `debatsido`.`lien_citation` (`positionnement`, `id_cit1`, `id_cit2`) VALUES ('Pour', '62', '65');
INSERT INTO `debatsido`.`lien_citation` (`positionnement`, `id_cit1`, `id_cit2`) VALUES ('Pour', '62', '66');
INSERT INTO `debatsido`.`lien_citation` (`positionnement`, `id_cit1`, `id_cit2`) VALUES ('Pour', '67', '68');
INSERT INTO `debatsido`.`lien_citation` (`positionnement`, `id_cit1`, `id_cit2`) VALUES ('Pour', '67', '69');
INSERT INTO `debatsido`.`lien_citation` (`positionnement`, `id_cit1`, `id_cit2`) VALUES ('Contre', '67', '70');
INSERT INTO `debatsido`.`lien_citation` (`positionnement`, `id_cit1`, `id_cit2`) VALUES ('Contre', '67', '71');
INSERT INTO `debatsido`.`lien_citation` (`positionnement`, `id_cit1`, `id_cit2`) VALUES ('Pour', '73', '74');
INSERT INTO `debatsido`.`lien_citation` (`positionnement`, `id_cit1`, `id_cit2`) VALUES ('Pour', '73', '75');
INSERT INTO `debatsido`.`lien_citation` (`positionnement`, `id_cit1`, `id_cit2`) VALUES ('Pour', '73', '76');
INSERT INTO `debatsido`.`lien_citation` (`positionnement`, `id_cit1`, `id_cit2`) VALUES ('Pour', '73', '77');
INSERT INTO `debatsido`.`lien_citation` (`positionnement`, `id_cit1`, `id_cit2`) VALUES ('Contre', '73', '78');
INSERT INTO `debatsido`.`lien_citation` (`positionnement`, `id_cit1`, `id_cit2`) VALUES ('Contre', '73', '79');
INSERT INTO `debatsido`.`lien_citation` (`positionnement`, `id_cit1`, `id_cit2`) VALUES ('Pour', '80', '81');
INSERT INTO `debatsido`.`lien_citation` (`positionnement`, `id_cit1`, `id_cit2`) VALUES ('Pour', '80', '82');
INSERT INTO `debatsido`.`lien_citation` (`positionnement`, `id_cit1`, `id_cit2`) VALUES ('Pour', '80', '83');
INSERT INTO `debatsido`.`lien_citation` (`positionnement`, `id_cit1`, `id_cit2`) VALUES ('Pour', '84', '85');
INSERT INTO `debatsido`.`lien_citation` (`positionnement`, `id_cit1`, `id_cit2`) VALUES ('Pour', '84', '86');

INSERT INTO `debatsido`.`lien_citation_theme` (`idcit_fk`, `idtheme_fk`) VALUES ('61', '1');
INSERT INTO `debatsido`.`lien_citation_theme` (`idcit_fk`, `idtheme_fk`) VALUES ('62', '11');
INSERT INTO `debatsido`.`lien_citation_theme` (`idcit_fk`, `idtheme_fk`) VALUES ('63', '1');
INSERT INTO `debatsido`.`lien_citation_theme` (`idcit_fk`, `idtheme_fk`) VALUES ('64', '1');
INSERT INTO `debatsido`.`lien_citation_theme` (`idcit_fk`, `idtheme_fk`) VALUES ('65', '1');
INSERT INTO `debatsido`.`lien_citation_theme` (`idcit_fk`, `idtheme_fk`) VALUES ('66', '1');
INSERT INTO `debatsido`.`lien_citation_theme` (`idcit_fk`, `idtheme_fk`) VALUES ('67', '1');
INSERT INTO `debatsido`.`lien_citation_theme` (`idcit_fk`, `idtheme_fk`) VALUES ('68', '1');
INSERT INTO `debatsido`.`lien_citation_theme` (`idcit_fk`, `idtheme_fk`) VALUES ('69', '1');
INSERT INTO `debatsido`.`lien_citation_theme` (`idcit_fk`, `idtheme_fk`) VALUES ('70', '1');
INSERT INTO `debatsido`.`lien_citation_theme` (`idcit_fk`, `idtheme_fk`) VALUES ('71', '1');
INSERT INTO `debatsido`.`lien_citation_theme` (`idcit_fk`, `idtheme_fk`) VALUES ('72', '3');
INSERT INTO `debatsido`.`lien_citation_theme` (`idcit_fk`, `idtheme_fk`) VALUES ('73', '11');
INSERT INTO `debatsido`.`lien_citation_theme` (`idcit_fk`, `idtheme_fk`) VALUES ('74', '1');
INSERT INTO `debatsido`.`lien_citation_theme` (`idcit_fk`, `idtheme_fk`) VALUES ('75', '11');
INSERT INTO `debatsido`.`lien_citation_theme` (`idcit_fk`, `idtheme_fk`) VALUES ('76', '7');
INSERT INTO `debatsido`.`lien_citation_theme` (`idcit_fk`, `idtheme_fk`) VALUES ('77', '1');
INSERT INTO `debatsido`.`lien_citation_theme` (`idcit_fk`, `idtheme_fk`) VALUES ('78', '11');
INSERT INTO `debatsido`.`lien_citation_theme` (`idcit_fk`, `idtheme_fk`) VALUES ('79', '11');
INSERT INTO `debatsido`.`lien_citation_theme` (`idcit_fk`, `idtheme_fk`) VALUES ('80', '1');
INSERT INTO `debatsido`.`lien_citation_theme` (`idcit_fk`, `idtheme_fk`) VALUES ('81', '1');
INSERT INTO `debatsido`.`lien_citation_theme` (`idcit_fk`, `idtheme_fk`) VALUES ('82', '1');
INSERT INTO `debatsido`.`lien_citation_theme` (`idcit_fk`, `idtheme_fk`) VALUES ('83', '12');
INSERT INTO `debatsido`.`lien_citation_theme` (`idcit_fk`, `idtheme_fk`) VALUES ('84', '1');
INSERT INTO `debatsido`.`lien_citation_theme` (`idcit_fk`, `idtheme_fk`) VALUES ('85', '1');
INSERT INTO `debatsido`.`lien_citation_theme` (`idcit_fk`, `idtheme_fk`) VALUES ('86', '1');
INSERT INTO `debatsido`.`lien_citation_theme` (`idcit_fk`, `idtheme_fk`) VALUES ('87', '3');
INSERT INTO `debatsido`.`lien_citation_theme` (`idcit_fk`, `idtheme_fk`) VALUES ('87', '1');